33329,83.8,8.4,2.5,8.3,7.2,76.9,12.5,4.6,26.0,10.4,80.3,22.8,0.0,4.6,10.6,80.4,0.0,8.0,13.8,1.8,82.4,0.0,0.0,0.8,13.0,91.0,0.0,1.0,6.9,1.6,85.0,6.0,4.3,6.0,5.0
33330,63.5,0.0,6.0,27.3,1.7,92.9,41.0,0.0,66.4,3.2,74.2,0.0,1.3,11.4,0.8,99.9,0.0,5.4,5.6,13.1,73.1,0.0,4.3,30.7,11.7,87.3,15.1,2.2,1.0,10.0,52.2,13.4,0.0,20.1,7.8
33331,68.8,40.1,0.0,27.0,6.5,95.4,60.6,3.1,62.8,2.8,74.2,19.5,5.2,25.3,1.7,99.9,13.6,3.8,6.7,8.1,68.0,20.7,6.3,23.7,4.0,99.9,26.7,2.7,1.8,11.6,52.2,13.4,0.0,20.1,7.8
33332,92.3,3.9,2.4,20.4,0.4,76.9,19.5,0.0,43.1,13.9,80.5,0.0,8.0,20.5,3.9,99.9,28.3,7.7,6.3,21.5,86.2,28.9,3.3,29.6,12.8,90.1,43.1,0.0,0.3,23.9,52.2,13.4,0.0,20.1,7.8
33333,56.4,13.9,0.0,20.8,0.0,92.3,34.4,6.7,29.4,25.3,73.5,0.0,2.3,20.8,8.8,56.8,35.0,2.8,21.7,38.0,74.7,30.2,13.3,32.5,6.6,87.5,59.3,4.8,7.6,30.0,52.2,13.4,0.0,20.1,7.8
33334,86.1,44.5,1.1,25.7,14.3,54.3,33.3,0.0,20.5,25.3,68.8,13.0,0.0,29.3,16.4,62.2,19.1,7.0,21.6,30.6,86.8,19.0,10.8,36.2,0.0,89.7,15.3,2.6,22.6,13.7,61.7,21.6,4.3,19.2,3.9
33335,86.1,44.5,1.1,25.7,14.3,54.3,33.3,0.0,20.5,25.3,68.8,13.0,0.0,29.3,16.4,62.2,19.1,7.0,21.6,30.6,86.8,19.0,10.8,36.2,0.0,89.7,15.3,2.6,22.6,13.7,61.7,21.6,4.3,19.2,3.9,86.1,44.5,1.1,25.7,14.3,54.3,33.3,0.0,20.5,25.3,68.8,13.0,0.0,29.3,16.4,62.2,19.1,7.0,21.6,30.6,86.8,19.0,10.8,36.2,0.0,89.7,15.3,2.6,22.6,13.7,61.7,21.6,4.3,19.2,3.9
33336,81.8,33.4,0.0,25.1,10.1,61.4,0.0,0.0,27.1,27.7,74.6,25.9,0.0,27.6,12.7,66.9,26.2,5.5,21.5,23.3,82.8,34.4,9.8,37.9,1.5,91.9,17.1,2.1,19.2,11.4,61.7,21.6,4.3,19.2,3.9
33337,66.8,15.3,9.0,24.2,5.3,68.8,16.3,5.8,20.7,9.5,69.1,0.0,6.3,26.4,6.3,66.8,35.8,11.7,25.5,43.7,84.1,37.6,8.9,40.4,2.8,70.7,47.6,0.0,31.1,14.2,61.7,21.6,4.3,19.2,3.9
33338,67.3,20.5,13.8,20.0,4.9,84.0,0.0,8.1,25.1,11.2,75.8,39.0,2.3,24.5,6.4,70.9,20.8,8.4,21.8,45.3,79.8,45.0,5.5,39.3,0.0,70.8,27.7,5.6,27.1,3.8,61.7,21.6,4.3,19.2,3.9
33339,70.7,12.3,0.0,23.1,16.0,67.0,18.0,7.2,43.8,13.5,99.9,5.2,5.3,24.8,9.6,71.2,28.8,2.5,30.0,36.1,80.7,36.9,5.6,37.4,0.0,80.8,0.0,5.7,28.9,5.8,69.5,0.0,0.0,17.1,0.0
33340,65.8,11.2,4.1,21.7,33.7,71.0,1.7,10.6,27.6,2.2,57.0,1.8,0.9,33.3,20.7,60.7,0.0,3.7,20.6,52.1,71.1,48.2,0.8,23.6,2.8,73.3,22.3,22.2,32.0,6.8,53.7,5.4,1.3,20.9,2.3
33341,62.5,16.9,0.0,15.8,27.0,80.2,28.4,5.5,24.3,0.7,52.8,12.8,2.5,38.2,21.7,53.4,4.4,0.0,19.7,48.7,65.2,0.0,1.8,23.2,8.7,95.3,21.6,2.6,31.3,0.0,53.7,5.4,1.3,20.9,2.3
33342,64.5,17.4,3.7,13.8,24.3,86.6,28.5,4.7,23.9,0.9,55.4,11.5,5.0,34.2,18.4,53.6,1.8,2.3,20.7,49.0,67.0,20.6,0.0,21.1,4.1,76.5,16.6,5.1,26.3,4.1,53.7,5.4,1.3,20.9,2.3
33343,68.7,6.7,6.2,35.1,3.2,78.8,9.3,17.1,23.5,4.7,62.7,14.1,3.7,25.0,21.4,62.6,35.0,5.6,18.0,45.4,76.0,13.3,6.3,24.7,0.0,83.6,4.6,4.2,24.0,3.0,51.6,24.2,1.2,20.7,0.0
33344,68.9,7.0,0.0,20.3,5.6,59.1,13.7,8.3,20.1,4.5,78.9,0.0,5.4,30.2,20.1,59.7,11.6,9.8,26.3,45.0,79.4,14.6,6.0,28.0,5.6,79.8,4.4,0.0,23.2,6.7,51.6,20.9,3.3,22.1,0.0
33345,73.1,34.0,6.5,16.0,0.0,85.3,0.1,3.4,23.4,7.8,73.4,11.3,3.2,31.0,22.0,74.0,9.9,0.0,19.0,33.5,85.4,0.0,9.2,28.4,21.8,66.5,13.8,6.9,21.3,28.5,51.6,20.9,3.3,22.1,0.0
33346,66.1,26.0,2.6,16.1,0.0,70.5,11.8,3.2,23.7,13.8,75.1,33.9,8.7,36.9,20.3,78.0,25.4,6.7,18.9,25.7,88.1,0.0,11.9,34.2,13.4,68.2,52.2,3.1,28.0,43.9,51.6,20.9,3.3,22.1,0.0
33347,61.2,8.9,1.4,18.7,0.0,56.3,21.9,5.5,27.2,16.1,60.2,7.1,0.0,38.0,12.8,62.8,0.0,2.6,23.2,17.5,62.5,10.8,4.4,23.7,5.2,92.8,22.0,4.3,28.1,46.8,66.6,3.5,1.6,18.3,6.2
33348,55.0,56.6,1.9,15.3,0.0,58.3,0.0,8.2,23.8,6.4,62.4,8.4,3.7,25.1,8.9,51.1,4.7,0.0,23.6,4.1,69.0,13.0,0.0,26.0,2.5,75.2,9.1,7.3,29.9,32.0,52.2,6.5,4.3,18.9,7.1
33349,43.7,56.0,5.7,13.1,2.1,48.8,4.3,6.7,27.4,6.5,56.4,24.1,1.4,20.3,8.5,53.9,0.0,7.6,22.4,9.3,62.3,30.7,2.3,21.2,10.3,67.9,0.0,3.2,26.6,19.4,51.9,12.5,8.9,17.5,0.0
33350,84.6,23.4,2.9,41.1,0.0,60.6,0.0,0.0,23.0,8.5,78.7,47.9,10.6,17.1,0.0,66.2,13.4,0.0,18.5,0.0,57.1,31.0,8.1,26.8,12.4,69.3,0.0,4.7,34.2,14.5,61.6,0.0,0.0,17.2,0.0
33351,73.3,28.0,0.8,25.2,1.9,63.0,0.0,7.5,14.0,16.0,76.1,24.2,3.0,29.3,31.4,61.0,6.4,2.7,17.6,3.9,50.7,0.0,7.6,24.6,11.4,54.6,6.0,0.0,27.2,5.1,67.4,4.9,0.0,16.5,1.7
33352,63.9,0.0,0.0,24.6,15.4,66.5,21.4,15.2,17.1,5.6,72.8,4.7,1.3,25.7,30.0,57.2,27.3,0.0,22.7,0.1,67.6,1.0,7.0,18.6,0.9,77.8,15.4,1.9,22.2,1.2,68.6,1.4,3.2,16.4,3.0
33353,62.1,16.8,2.2,29.6,31.7,65.0,22.0,0.0,24.0,0.0,58.2,9.9,0.0,17.3,25.0,62.8,23.3,1.8,23.3,1.1,62.0,13.4,6.1,27.5,1.2,83.1,44.4,0.2,12.8,0.0,79.9,0.0,3.3,21.6,10.1
33354,59.1,19.5,4.8,29.2,34.4,72.3,28.6,0.0,23.5,0.0,60.3,11.9,0.0,15.2,31.0,63.0,20.3,0.3,22.9,0.0,64.3,15.7,10.4,26.9,0.0,87.1,34.4,4.6,14.7,0.0,57.1,4.9,2.4,18.9,12.2
33355,66.1,29.6,6.3,23.8,28.7,49.2,0.0,0.8,19.7,-0.0,63.6,6.0,5.9,26.2,32.8,78.5,35.8,5.6,25.4,6.6,92.2,32.2,0.2,34.4,0.0,84.9,38.3,12.2,29.4,0.0,66.2,16.1,3.5,17.9,13.8
33356,82.1,14.3,7.3,25.7,37.7,47.1,11.5,6.2,12.1,11.7,88.9,33.0,0.0,28.9,39.5,68.8,52.3,3.4,24.4,5.4,74.6,44.6,0.0,19.8,3.8,67.9,22.3,0.0,31.3,8.6,66.2,16.1,3.5,17.9,13.8
33357,77.9,47.7,5.2,24.5,31.1,53.5,0.0,7.8,13.5,19.1,99.9,8.9,1.5,22.3,34.2,87.9,19.3,1.6,20.5,22.5,75.8,45.1,2.0,21.9,27.4,74.9,3.5,6.7,26.5,0.0,65.3,0.0,1.4,15.2,9.2
33358,84.4,0.0,2.2,14.2,22.7,50.2,14.0,8.9,12.5,12.5,67.4,27.4,3.9,24.1,38.0,86.2,28.0,4.5,21.9,12.7,76.9,17.1,0.0,26.0,8.7,67.2,0.0,1.7,25.3,3.5,73.8,25.0,2.7,23.8,13.2
33359,84.1,0.0,0.0,16.8,23.5,79.9,0.0,0.0,23.8,3.1,76.0,7.3,3.6,29.1,21.0,82.4,4.8,10.4,19.2,11.7,74.5,0.0,7.7,21.5,6.3,69.7,27.9,5.0,23.0,4.0,86.3,25.7,0.2,18.5,15.2
33360,86.2,0.0,3.8,18.3,4.8,88.2,2.4,11.0,28.1,0.0,72.6,4.6,7.4,24.4,0.0,68.3,5.3,9.7,20.2,8.3,74.7,21.8,0.0,26.3,0.0,70.5,31.2,8.9,26.5,2.8,54.5,23.0,4.3,18.1,18.4
33361,87.4,0.0,8.2,20.5,0.0,83.9,10.1,2.5,24.7,9.5,77.3,8.6,0.0,28.5,0.0,71.3,0.0,4.4,19.1,0.0,60.4,21.6,0.4,26.4,0.3,72.8,34.0,18.1,28.5,5.2,47.4,5.0,0.0,16.5,12.1
33362,66.9,32.5,2.6,32.2,8.0,89.1,9.3,10.9,26.1,11.7,85.2,20.4,0.0,26.0,2.0,83.9,23.4,5.6,28.3,0.0,61.4,3.3,5.0,26.6,0.0,73.2,45.6,9.0,28.8,22.3,56.9,11.4,0.0,19.9,6.4
33363,60.2,18.4,8.5,18.1,14.1,86.9,4.2,6.0,21.9,17.4,79.7,31.8,4.1,31.4,0.8,73.8,12.1,0.0,22.2,6.7,53.9,0.0,5.9,28.1,7.1,70.0,29.8,3.5,30.4,22.3,64.8,20.0,3.6,29.8,3.9
33364,78.2,0.0,4.9,25.4,1.0,99.9,11.7,7.4,28.1,23.9,97.9,34.1,1.6,38.2,6.8,75.5,58.8,14.5,23.0,0.0,72.6,18.5,0.3,34.5,4.2,94.4,11.8,0.0,20.1,7.5,57.2,6.9,1.2,21.2,12.2
33365,87.7,7.9,5.3,16.6,21.5,57.0,21.3,5.9,21.6,23.3,69.9,20.6,0.0,28.4,0.0,76.7,46.7,20.6,31.0,13.5,49.8,7.1,0.0,37.3,9.3,51.1,56.8,0.0,30.4,11.5,57.5,13.8,0.0,20.7,9.3
33366,61.2,0.0,6.4,23.4,13.9,81.2,0.0,0.0,33.1,37.6,93.6,49.7,2.7,28.6,0.0,59.4,18.1,4.4,22.1,24.9,79.8,9.3,1.5,32.5,16.3,46.8,30.4,3.9,29.6,18.5,61.9,20.1,4.9,20.7,15.8
33367,61.9,35.8,5.9,32.2,9.2,59.2,12.3,2.4,22.0,36.0,81.1,23.0,6.3,24.5,0.0,49.4,8.9,9.6,12.6,34.3,75.3,0.0,4.0,19.7,23.9,82.0,19.9,6.2,22.6,21.0,67.8,17.2,0.0,21.9,8.1
33368,76.4,35.7,7.6,21.2,3.5,60.7,0.0,4.9,16.2,37.0,83.1,34.9,5.3,24.2,4.7,65.9,2.4,5.1,15.8,33.9,76.6,33.8,6.9,22.1,23.6,91.6,20.2,3.5,33.5,13.9,67.8,17.2,0.0,21.9,8.1
33369,61.8,9.4,7.2,20.5,3.8,68.3,0.7,6.8,12.2,47.0,95.6,38.8,3.3,27.7,12.3,69.9,34.4,5.4,17.4,34.8,74.5,53.4,13.0,23.4,27.1,87.1,0.0,6.4,31.5,3.0,67.8,17.2,0.0,21.9,8.1
33370,71.1,10.0,8.6,20.1,5.5,68.9,17.8,0.0,21.6,50.1,99.2,24.2,3.1,23.4,22.8,72.2,29.0,0.8,18.4,33.5,66.4,9.9,0.0,24.4,20.0,68.8,29.3,3.1,36.3,14.3,73.4,-0.0,1.2,18.3,8.9
33371,85.5,4.1,0.1,27.0,2.7,84.0,24.7,14.8,44.4,43.3,82.8,25.1,3.5,38.4,36.4,86.0,23.7,0.0,13.2,20.9,40.2,0.0,4.0,27.5,30.7,61.1,0.0,6.2,22.9,14.8,62.9,10.1,0.0,15.2,14.6
33372,61.2,0.0,9.0,21.9,10.3,75.7,11.6,9.0,25.7,60.1,84.6,47.5,17.2,34.5,20.2,79.8,0.9,0.1,21.9,40.1,40.0,0.0,8.3,36.1,25.7,59.3,22.0,3.7,24.0,7.9,65.2,21.1,3.7,19.6,19.8
33373,79.4,14.6,10.0,30.8,0.6,94.6,10.4,12.6,18.0,74.0,71.4,7.5,1.4,24.1,12.3,77.9,0.0,4.9,27.8,20.9,28.9,12.0,8.8,34.1,30.0,50.9,26.4,0.0,24.9,12.5,65.2,21.1,3.7,19.6,19.8
33374,58.6,8.3,0.0,36.0,6.9,63.9,17.2,0.3,24.6,89.2,75.9,41.0,4.7,42.4,6.7,64.1,0.0,12.3,24.1,6.7,18.0,12.2,5.8,36.6,26.9,59.6,10.7,3.9,30.3,12.9,51.6,20.5,1.7,20.0,12.4
33375,72.1,11.3,2.1,21.8,8.5,58.1,21.9,1.5,21.0,74.7,78.9,36.6,9.5,37.8,0.0,83.4,18.0,8.4,35.2,17.8,69.2,29.1,0.0,23.7,28.9,82.5,10.4,4.6,36.4,16.1,51.6,20.5,1.7,20.0,12.4
33376,54.0,38.5,10.3,16.2,31.8,61.8,69.7,3.5,21.3,72.9,72.4,4.1,6.6,31.2,0.0,56.1,19.8,7.2,15.9,26.9,68.5,32.2,2.4,21.3,7.1,84.8,27.6,8.8,39.2,14.9,55.8,10.2,2.0,19.2,14.6
33377,65.4,0.0,0.0,22.3,56.4,61.3,64.3,3.6,19.2,77.2,84.2,48.3,1.1,32.7,5.9,57.5,10.5,0.0,17.2,22.4,63.9,12.4,14.2,47.4,7.5,68.0,0.0,0.0,26.2,46.0,56.0,8.6,3.5,22.4,19.8
33378,82.8,16.7,2.9,25.6,59.8,98.1,16.2,0.0,43.2,99.7,68.8,2.2,3.4,24.0,17.5,74.7,1.4,2.8,22.6,38.5,86.7,74.3,15.6,23.9,16.7,74.7,3.0,0.0,27.5,58.0,65.6,0.0,0.5,17.6,20.4
33379,93.1,41.3,-0.0,27.5,64.3,62.9,23.9,5.1,20.7,101.5,66.5,4.7,3.8,18.2,19.0,73.1,13.2,1.2,33.2,28.6,71.1,34.7,6.8,19.1,16.6,66.0,43.0,0.0,32.6,76.9,62.4,6.3,1.3,19.4,24.2
33380,56.9,5.2,6.5,22.7,46.9,80.0,0.7,16.7,33.4,94.5,73.8,3.6,4.6,22.3,14.7,68.4,22.3,0.0,21.2,30.1,64.7,16.9,7.6,13.2,8.4,69.1,31.0,8.8,32.3,60.4,63.2,2.9,5.4,14.5,30.9
33381,72.4,72.5,7.5,26.2,55.8,78.3,29.9,2.1,21.0,97.8,67.8,38.4,1.9,24.9,14.8,80.0,46.8,9.6,27.0,41.1,66.8,10.4,4.0,29.2,28.8,74.8,43.4,9.5,30.2,50.1,59.3,0.0,2.6,19.8,26.7
33382,62.8,5.5,0.0,19.9,50.3,80.6,43.7,2.9,21.5,89.7,72.6,37.6,0.0,19.3,9.1,55.6,16.0,3.4,19.9,31.8,69.1,37.5,7.7,26.2,27.2,66.4,29.1,8.8,30.2,50.0,59.3,0.0,2.6,19.8,26.7
33383,65.4,19.7,8.7,20.9,50.9,74.7,0.0,3.6,26.4,104.7,73.7,11.8,0.0,45.4,9.1,68.1,25.2,0.0,22.0,21.7,72.7,64.8,12.2,20.3,40.3,75.8,17.8,0.0,31.8,68.3,59.3,0.0,2.6,19.8,26.7
33384,69.6,54.9,8.7,22.7,62.1,94.1,20.0,0.0,25.3,128.1,93.3,33.7,10.6,28.4,23.1,66.8,0.0,0.0,16.8,15.1,77.4,30.2,6.4,23.1,47.0,82.0,9.6,3.4,22.7,67.7,59.3,0.0,2.6,19.8,26.7
33385,72.1,63.1,7.5,21.7,48.9,99.0,0.6,0.0,27.1,114.6,84.2,37.8,6.1,42.6,27.5,64.8,6.9,2.9,15.2,27.0,78.0,58.1,19.2,24.9,44.8,85.3,19.5,0.7,23.9,60.8,61.6,14.7,3.7,14.6,23.1
33386,86.9,30.7,6.3,46.3,60.2,90.9,0.0,0.0,32.5,121.0,96.3,31.5,3.5,41.4,31.3,65.5,5.4,0.0,11.7,34.1,87.7,18.9,11.3,28.0,51.5,85.6,24.1,1.5,21.2,56.2,61.6,14.7,3.7,14.6,23.1
33387,82.3,41.5,7.6,46.0,65.8,82.7,10.2,1.0,30.6,118.0,96.3,40.8,0.1,44.3,40.4,58.4,10.6,7.4,11.0,29.9,78.3,23.5,4.8,23.1,56.7,77.9,32.5,2.4,23.5,56.5,61.6,14.7,3.7,14.6,23.1
33388,60.8,53.6,7.8,32.0,61.3,84.4,27.4,0.5,27.6,101.2,96.0,25.3,12.2,37.5,36.3,74.2,41.5,6.8,18.1,27.0,77.8,20.8,1.6,26.6,75.9,58.3,13.9,2.9,21.3,60.3,60.0,5.2,1.7,16.4,17.3
33389,60.8,53.6,7.8,32.0,61.3,84.4,27.4,0.5,27.6,101.2,96.0,25.3,12.2,37.5,36.3,74.2,41.5,6.8,18.1,27.0,77.8,20.8,1.6,26.6,75.9,58.3,13.9,2.9,21.3,60.3,60.0,5.2,1.7,16.4,17.3,60.8,53.6,7.8,32.0,61.3,84.4,27.4,0.5,27.6,101.2,96.0,25.3,12.2,37.5,36.3,74.2,41.5,6.8,18.1,27.0,77.8,20.8,1.6,26.6,75.9,58.3,13.9,2.9,21.3,60.3,60.0,5.2,1.7,16.4,17.3
33390,65.4,8.0,5.2,19.7,60.1,38.6,21.2,9.8,19.5,107.1,72.3,8.7,0.0,22.3,23.1,78.5,16.1,14.2,10.8,44.6,61.3,10.5,5.3,22.1,76.7,69.4,10.4,0.8,19.4,80.5,52.6,13.9,1.8,17.2,12.1
33391,70.2,7.3,2.0,20.0,74.3,52.9,33.6,9.5,21.9,117.1,77.9,38.0,3.4,31.0,23.6,74.6,23.7,18.9,5.3,37.0,72.2,0.0,1.8,15.1,71.0,53.5,0.0,3.9,29.5,77.1,81.3,11.8,5.3,27.9,9.8
33392,53.9,0.0,7.2,13.6,79.0,56.2,11.3,0.6,18.3,114.1,82.8,10.3,4.3,20.3,27.3,64.2,31.3,1.4,20.8,36.8,75.0,65.7,8.9,30.9,90.9,54.0,11.2,3.3,36.4,87.0,60.6,8.3,0.2,18.6,14.0
33393,68.9,0.0,1.1,18.2,91.0,81.5,44.8,9.4,39.9,139.1,70.4,31.1,7.5,49.1,22.5,61.1,29.5,1.4,13.1,32.9,86.6,0.0,9.3,35.9,82.3,73.0,2.3,1.6,18.2,63.2,51.3,0.0,0.2,17.9,13.0
33394,77.7,29.3,0.6,22.3,98.4,73.4,31.5,5.9,28.3,107.3,90.6,16.8,0.0,8.6,29.2,99.9,0.0,16.7,31.4,34.2,83.0,0.0,1.9,23.5,68.3,75.4,64.0,0.0,21.6,72.2,81.0,2.4,1.8,21.0,23.5
33395,65.7,16.2,14.2,31.8,93.1,69.0,20.5,0.0,31.1,111.5,91.1,16.3,15.4,7.6,39.1,86.3,36.9,13.5,31.2,56.3,74.5,15.6,5.9,28.1,62.6,79.8,19.6,0.0,20.4,66.7,63.9,12.5,2.0,17.0,38.5
33396,71.8,14.4,0.0,26.9,84.4,92.9,3.9,12.0,21.1,136.4,90.8,24.6,2.4,1.6,43.4,99.9,22.8,3.1,21.3,57.4,60.4,6.9,12.8,27.3,43.3,95.7,0.0,5.5,28.7,51.4,52.3,4.6,5.3,16.8,34.5
33397,76.7,44.1,10.3,25.7,78.1,80.6,5.9,23.5,18.8,159.0,59.5,45.6,0.4,27.2,44.6,94.1,29.7,7.9,34.8,19.0,53.4,37.6,10.7,28.1,41.6,77.4,10.2,0.0,15.8,30.1,55.8,5.7,0.7,19.1,35.7
33398,83.6,8.7,9.1,26.6,92.9,60.5,1.6,0.0,25.8,164.6,70.7,16.1,1.8,30.8,36.6,96.7,18.5,5.2,42.3,14.5,86.4,37.6,3.4,27.4,47.1,68.7,0.0,4.3,16.8,31.9,69.9,10.2,2.6,18.3,35.3
33399,85.2,10.2,0.0,42.3,87.4,57.8,31.1,2.7,24.5,186.1,61.9,11.9,4.4,7.9,52.8,84.7,18.1,0.4,36.5,34.9,70.5,66.4,3.2,42.4,47.7,85.9,16.7,0.2,26.4,48.0,56.7,23.8,0.0,21.1,41.5
33400,84.4,34.4,1.3,41.4,71.1,70.1,39.9,29.9,29.7,193.6,72.9,38.0,5.2,31.1,46.9,51.0,22.2,12.2,20.2,56.1,74.6,31.9,20.5,33.6,64.7,70.4,12.4,0.0,21.8,44.7,49.0,14.8,4.5,19.8,39.4
33401,76.9,0.0,13.0,40.5,67.5,75.3,33.5,28.9,26.5,202.4,99.9,34.3,1.2,37.2,28.8,78.3,1.5,4.2,21.1,67.4,81.5,24.1,5.4,21.1,55.8,91.4,20.5,8.0,26.7,43.3,49.0,14.8,4.5,19.8,39.4
33402,89.2,27.0,5.7,22.1,79.1,71.0,64.6,22.4,30.6,195.8,65.3,5.7,4.1,23.3,35.3,75.3,1.3,0.0,21.4,70.2,94.6,11.7,13.8,31.7,53.3,97.4,0.0,0.0,32.5,37.5,65.5,0.0,0.0,18.5,45.3
33403,99.9,43.6,20.4,35.9,95.7,78.5,47.2,6.7,54.4,214.7,74.1,13.5,9.5,40.7,80.9,95.4,20.1,6.0,28.7,87.7,80.1,12.1,9.3,45.8,41.2,63.4,35.8,0.0,19.1,49.1,65.6,23.2,0.0,24.9,38.7
33404,78.5,38.2,0.1,23.1,117.6,99.9,42.0,5.0,54.7,214.9,72.2,25.4,0.2,23.1,92.5,90.4,53.3,17.8,62.4,117.1,88.2,11.5,5.2,20.9,45.4,92.9,6.3,6.7,25.4,45.6,67.2,3.0,0.0,19.9,42.5
33405,47.8,10.8,0.0,20.8,116.0,72.8,39.6,1.4,26.5,223.0,81.6,47.9,5.2,49.2,106.0,90.2,3.9,8.9,16.0,104.9,68.4,8.5,5.0,25.0,48.3,55.4,0.5,0.0,27.4,30.1,67.5,0.0,0.5,18.3,49.6
33406,92.7,8.4,8.5,45.5,128.5,61.1,9.9,0.0,27.9,216.8,66.8,19.1,4.7,23.1,106.1,71.1,3.3,5.4,17.9,103.6,71.1,58.3,17.3,52.4,36.9,84.7,30.2,0.0,36.5,29.6,63.2,22.7,0.0,21.8,42.8
33407,76.8,36.5,2.9,24.3,129.5,78.3,22.1,6.4,23.4,213.0,59.0,15.1,2.3,16.2,94.3,83.2,28.7,6.4,18.2,101.9,68.7,32.7,2.8,28.7,35.5,79.3,25.2,8.1,34.5,37.7,59.6,12.7,0.0,23.7,45.5
33408,73.7,48.5,5.7,48.8,135.7,60.2,0.0,-0.0,25.2,226.2,54.1,27.3,3.5,18.7,84.3,64.8,17.1,0.0,22.6,127.2,96.1,5.5,5.3,33.8,17.9,57.3,1.9,2.2,22.4,31.1,67.3,25.2,4.4,18.0,30.8
33409,93.2,20.2,8.1,28.1,131.9,68.9,67.5,2.5,44.2,215.7,61.7,16.6,0.0,22.6,105.3,96.0,20.6,4.8,16.4,115.7,99.8,29.7,0.0,26.6,0.0,61.7,0.0,1.5,20.0,35.2,57.6,0.0,0.0,20.4,30.2
33410,95.6,30.4,9.7,29.3,141.3,69.9,46.3,0.0,43.4,214.2,85.8,24.6,3.5,25.3,114.2,92.4,43.5,0.0,17.0,121.1,87.3,8.3,1.8,25.9,2.2,60.9,0.0,9.9,18.6,39.8,59.8,11.0,4.7,20.0,26.5
33411,56.5,31.5,1.2,35.4,142.0,78.0,16.8,1.3,26.3,223.2,89.0,12.5,14.6,26.8,121.6,95.8,18.5,3.8,14.3,115.5,70.4,19.5,6.0,31.4,0.0,61.0,14.9,4.7,23.5,36.6,58.2,12.4,6.8,19.7,28.6
33412,69.4,2.8,4.8,20.1,116.3,66.6,28.4,9.3,30.0,218.4,77.7,22.1,9.4,28.6,117.1,77.2,17.9,0.5,19.6,101.7,62.2,11.4,11.1,21.4,0.9,54.6,6.9,4.4,25.3,24.1,67.9,15.5,4.1,18.2,30.6
33413,56.2,22.9,6.1,20.6,117.8,99.4,49.3,0.2,25.3,229.8,82.9,29.0,0.0,31.5,97.9,88.9,0.0,7.5,23.1,80.8,67.4,2.5,5.5,20.3,2.4,84.2,25.7,0.0,33.8,45.2,55.4,4.9,0.0,19.1,27.8
33414,65.9,34.3,18.9,28.2,111.6,59.8,14.4,0.0,18.5,219.4,70.3,8.5,5.5,27.7,99.7,71.6,4.8,0.0,27.2,58.1,80.7,62.2,5.0,52.2,0.0,78.2,30.5,9.7,32.1,48.2,57.8,14.6,5.4,17.5,31.0
33415,99.9,88.7,9.9,59.8,114.7,65.5,0.0,8.3,13.8,208.2,85.2,7.0,6.2,27.4,111.7,91.2,19.7,0.0,19.7,59.0,61.2,12.8,1.1,25.1,4.9,89.7,21.4,1.6,31.8,51.0,78.2,25.9,7.3,31.4,25.7
33416,71.4,34.6,2.2,23.9,101.3,68.5,37.4,8.3,20.7,203.0,97.3,32.5,7.7,43.8,118.8,58.6,30.6,0.0,20.0,57.6,37.5,56.1,0.0,31.3,4.7,92.3,89.0,0.0,27.2,77.8,67.3,10.9,1.8,17.2,28.8
33417,71.1,34.8,9.5,23.4,97.2,70.6,15.1,9.8,24.4,208.0,99.9,31.7,3.2,45.2,123.7,52.8,33.6,0.0,23.8,56.6,41.6,40.9,0.0,33.2,9.0,92.3,100.7,0.1,26.9,84.5,64.9,28.7,0.5,18.6,30.4
33418,68.6,5.5,7.3,26.0,85.1,79.1,14.3,8.0,40.6,199.4,62.5,3.3,7.8,21.1,147.8,79.4,45.5,3.7,24.8,63.6,63.8,17.3,1.4,25.0,6.2,67.1,29.4,1.2,20.7,60.4,62.6,27.6,0.0,17.1,20.7
33419,79.5,12.2,2.2,23.6,88.6,81.7,6.4,9.1,47.6,189.2,52.5,5.5,14.1,27.9,166.4,81.6,6.3,9.7,26.3,61.5,74.1,0.4,4.1,19.8,0.8,77.9,0.0,0.0,24.6,67.9,75.2,36.5,3.3,20.5,35.5
33420,59.6,42.3,4.8,36.4,82.4,84.9,25.5,13.8,19.1,174.1,78.3,34.0,5.8,43.1,147.7,69.4,31.9,0.0,18.5,48.5,85.4,23.1,6.4,29.7,27.9,71.9,48.6,6.1,40.1,62.9,72.0,14.0,1.1,21.7,25.8
33421,100.0,28.4,3.7,21.7,77.2,89.1,29.3,4.0,51.3,172.5,40.1,9.0,8.9,43.6,161.2,88.0,94.6,5.6,34.9,42.2,73.9,54.1,6.6,32.8,48.1,76.3,7.3,0.9,28.8,63.7,65.5,13.1,5.1,19.8,23.8
33422,86.9,71.7,19.6,42.9,62.9,99.9,89.1,24.0,50.2,180.0,85.7,39.5,20.0,29.4,190.9,83.9,7.8,6.1,32.9,38.6,99.6,13.1,3.8,32.8,74.5,89.8,30.6,7.7,31.3,63.3,61.8,17.3,0.8,14.9,14.0
33423,65.4,0.0,4.3,19.8,57.0,79.4,73.8,16.0,57.7,182.4,87.6,35.3,6.7,41.4,181.7,67.9,11.8,3.4,20.7,10.9,94.2,0.0,5.2,34.5,77.8,70.4,28.7,0.0,25.1,84.2,75.2,2.4,4.1,24.4,14.7
33424,69.3,24.9,12.9,28.7,33.1,85.8,13.0,0.0,31.0,220.3,86.8,36.9,12.1,24.3,163.7,99.2,25.1,3.7,19.1,19.7,62.0,60.4,12.6,16.5,47.6,87.8,16.0,12.5,37.5,82.1,69.7,6.1,2.6,15.5,16.5
33425,86.4,17.6,0.0,35.6,23.6,90.8,0.0,18.6,47.2,216.0,92.7,54.6,17.2,52.0,145.9,88.9,51.3,2.4,57.6,36.8,99.9,38.7,13.9,62.4,41.2,69.5,19.7,0.0,37.9,99.9,84.9,24.6,4.6,37.1,17.1
33426,70.2,7.1,0.6,19.6,28.3,99.9,32.7,18.7,43.3,210.2,84.2,21.8,3.7,25.3,141.3,86.3,1.1,0.0,15.4,32.2,70.2,54.3,10.6,33.3,41.1,55.4,14.3,0.0,17.6,94.4,62.0,14.2,1.7,17.1,20.2
33427,75.1,7.8,0.0,24.2,10.9,59.7,16.2,3.5,26.7,192.8,97.1,66.5,7.0,72.9,175.0,76.3,37.6,20.9,42.7,45.8,99.9,0.0,11.7,43.7,47.9,76.9,30.2,0.6,51.7,67.0,57.5,18.4,5.1,21.5,14.5
33428,70.1,2.4,17.3,37.3,3.9,76.7,26.4,0.0,48.0,187.2,62.0,8.4,3.8,22.9,197.4,79.3,19.6,1.6,36.5,61.6,75.7,28.8,13.3,27.6,41.7,84.6,47.1,1.1,41.2,66.0,65.5,4.5,4.8,26.4,3.1
33429,73.3,42.8,21.0,55.7,14.1,94.4,49.5,0.0,51.1,170.1,76.4,91.4,2.7,26.6,209.3,82.5,40.7,6.4,36.7,44.9,97.2,22.4,15.8,56.6,72.0,74.3,11.8,2.6,25.0,62.1,59.9,2.7,0.6,38.5,0.2
33430,97.5,15.8,3.1,24.8,2.1,65.6,15.5,12.0,26.2,175.3,60.4,36.6,0.0,21.7,207.4,99.9,28.6,5.6,61.7,48.7,91.3,14.8,4.3,21.6,91.3,99.9,28.5,1.4,51.7,59.4,75.7,0.0,0.0,32.6,16.3
33431,97.9,13.7,6.3,32.4,7.0,51.2,38.4,0.0,27.5,172.1,71.2,0.0,10.1,33.5,220.4,77.2,51.6,0.0,37.5,36.3,87.5,19.8,0.0,36.2,89.8,61.0,29.9,4.0,33.5,51.4,67.0,14.4,1.5,30.0,8.1
33432,64.6,15.8,4.0,30.2,20.9,56.2,10.0,0.0,19.6,172.9,57.9,23.7,8.2,23.0,226.6,78.9,4.2,0.3,28.9,33.8,90.8,5.1,0.0,37.4,90.3,63.4,31.3,9.7,31.7,34.8,67.0,14.4,1.5,30.0,8.1
33433,91.6,0.0,10.8,31.8,12.4,93.6,3.5,13.1,29.7,186.0,80.4,30.1,8.0,40.2,219.5,76.5,67.5,1.9,25.7,27.4,82.0,52.5,9.3,31.4,92.0,79.9,32.0,2.9,24.2,15.7,74.2,15.6,0.0,24.6,16.2
33434,99.0,30.2,6.9,22.9,20.0,90.0,4.7,5.4,28.2,201.0,67.3,18.0,3.4,25.4,219.8,62.2,24.6,0.8,27.0,10.5,75.1,7.0,5.1,23.4,76.4,90.8,18.1,2.7,24.2,8.1,69.9,24.6,0.0,15.2,15.6
33435,99.0,30.2,6.9,22.9,20.0,90.0,4.7,5.4,28.2,201.0,67.3,18.0,3.4,25.4,219.8,62.2,24.6,0.8,27.0,10.5,75.1,7.0,5.1,23.4,76.4,90.8,18.1,2.7,24.2,8.1,69.9,24.6,0.0,15.2,15.6,99.0,30.2,6.9,22.9,20.0,90.0,4.7,5.4,28.2,201.0,67.3,18.0,3.4,25.4,219.8,62.2,24.6,0.8,27.0,10.5,75.1,7.0,5.1,23.4,76.4,90.8,18.1,2.7,24.2,8.1,69.9,24.6,0.0,15.2,15.6
33436,79.6,12.6,5.3,17.4,39.8,71.6,22.4,4.5,25.9,187.9,72.2,0.0,1.0,21.8,208.0,88.7,29.8,1.9,21.8,0.0,74.1,13.7,3.5,34.6,62.5,52.2,4.4,1.8,9.5,6.2,52.6,27.7,1.6,24.5,3.5
33437,72.5,3.4,2.9,25.2,61.8,62.1,38.7,8.0,32.8,171.6,76.1,0.0,8.4,34.4,208.0,69.2,3.7,7.3,17.1,17.1,47.9,6.1,3.2,39.4,48.1,68.5,30.2,1.0,24.6,4.4,61.0,1.5,0.7,25.5,3.3
33438,76.4,48.6,6.0,46.8,59.1,91.2,47.4,10.5,52.0,186.6,90.6,28.1,13.9,44.5,199.2,53.1,23.2,3.5,19.5,30.9,69.5,29.0,3.0,27.6,76.6,63.7,1.4,10.4,28.7,19.8,71.8,2.2,5.9,23.1,21.1
33439,73.1,34.1,2.6,19.2,63.9,65.8,103.2,13.9,26.7,186.1,79.6,34.2,0.9,21.1,200.2,88.0,22.0,1.3,25.9,27.2,83.5,44.4,0.0,23.5,65.3,88.7,9.2,3.9,22.3,13.6,66.5,8.2,1.8,18.3,14.8
33440,75.9,40.7,2.0,25.3,50.7,68.7,22.8,1.8,29.8,183.4,69.1,11.2,0.0,29.0,173.0,84.5,36.5,0.7,33.9,2.8,78.4,13.7,0.0,36.0,51.2,99.9,65.1,13.4,42.0,7.9,74.4,9.0,1.7,28.8,10.0
33441,82.0,8.6,9.1,28.8,62.6,64.6,42.6,3.6,20.8,191.0,79.9,58.7,0.1,23.9,173.1,95.4,23.4,9.5,24.4,6.7,79.4,0.0,0.0,31.3,68.1,74.8,16.8,0.0,30.0,14.9,64.7,13.2,1.9,16.8,19.5
33442,77.9,2.9,0.8,27.6,67.1,78.2,35.9,9.9,27.5,186.1,85.6,37.4,0.0,23.1,169.0,99.9,3.9,11.0,18.7,15.1,75.0,6.6,1.9,28.1,64.0,76.8,35.8,0.0,31.0,11.3,49.9,4.5,2.5,20.6,30.1
33443,90.1,38.7,0.0,22.4,65.1,75.7,7.7,9.5,24.3,191.6,91.7,23.6,6.8,31.2,156.5,65.7,16.0,10.4,26.0,19.2,69.5,25.8,3.2,29.0,58.1,55.8,2.8,0.0,33.5,24.6,73.8,28.2,1.3,43.7,25.2
33444,84.1,0.0,1.4,20.8,74.2,71.9,21.1,2.1,25.1,186.5,57.4,41.0,0.0,24.5,155.4,75.4,69.1,7.8,36.9,34.3,96.1,81.9,0.0,34.7,43.0,54.6,21.3,4.9,22.0,9.1,46.4,11.2,0.0,26.8,17.8
33445,94.5,48.8,0.8,38.9,65.2,74.6,17.8,10.5,29.7,196.0,63.9,16.0,0.0,39.2,131.6,62.5,45.9,0.0,38.6,30.8,61.5,6.2,1.8,19.9,60.6,77.6,24.7,4.7,25.9,0.0,75.3,19.4,2.0,21.7,15.9
33446,72.0,28.8,0.2,29.3,61.2,65.6,9.8,0.6,23.7,192.4,98.2,73.4,17.0,21.3,118.2,90.9,24.4,6.5,33.7,51.1,94.1,11.5,5.2,51.1,69.7,89.1,14.8,19.2,35.6,0.0,57.1,27.7,7.0,18.1,23.0
33447,83.6,7.9,7.4,19.7,58.5,63.7,13.5,0.0,25.2,196.9,84.1,35.1,6.5,52.0,117.4,78.0,64.6,1.6,35.5,41.3,74.0,55.8,16.7,24.2,74.7,56.5,15.3,9.8,18.7,0.0,59.7,0.9,2.7,18.1,22.0
33448,91.8,40.0,18.1,31.8,63.9,89.4,51.4,0.0,46.8,203.2,83.6,0.0,0.0,31.7,126.3,86.1,2.8,0.0,32.1,54.2,99.9,67.5,7.8,33.9,83.3,64.4,35.0,0.0,5.8,8.7,74.4,26.8,3.7,51.1,10.0
33449,98.1,20.9,2.2,34.9,54.8,83.9,18.2,0.9,26.6,218.0,65.8,6.5,3.6,12.5,109.7,96.6,18.9,4.3,30.8,51.0,99.9,25.0,7.8,33.9,63.4,88.0,46.5,6.4,23.6,24.4,73.5,24.2,0.0,21.5,1.6
33450,55.7,4.8,6.4,16.9,45.8,97.0,62.0,5.2,46.9,217.3,72.3,36.3,3.4,27.0,127.8,63.6,9.4,6.8,23.5,48.2,93.8,14.4,3.6,35.6,55.5,57.8,12.2,0.6,41.3,21.8,58.9,9.8,0.0,23.6,1.9
33451,93.0,21.9,11.4,40.0,47.5,96.1,65.3,2.6,46.8,207.9,92.4,50.3,9.5,36.7,138.0,84.9,0.0,12.7,33.3,44.6,62.1,27.6,3.3,33.4,86.7,99.9,29.0,2.1,54.3,9.8,81.9,16.5,7.8,24.9,3.5
33452,88.5,0.0,12.8,35.7,31.3,58.1,18.2,4.1,26.1,224.5,61.9,14.5,2.9,25.1,146.6,67.3,22.6,0.5,18.5,57.1,77.3,25.7,0.0,33.8,100.9,98.1,29.1,0.8,51.0,5.9,57.1,7.6,3.9,17.2,11.4
33453,91.9,0.8,4.9,16.6,13.1,75.2,12.7,4.0,27.9,216.9,75.9,0.0,10.8,28.9,152.6,84.5,67.2,8.7,33.3,56.9,79.9,26.2,0.0,29.2,105.2,78.9,24.4,3.9,58.0,4.8,68.5,31.9,0.0,27.9,0.0
33454,87.2,42.2,9.8,41.4,20.7,81.1,43.2,9.1,31.9,219.0,83.3,30.9,8.8,35.1,169.0,66.1,51.1,12.0,36.3,64.0,67.6,15.5,2.2,28.2,85.9,85.1,35.0,12.5,46.5,0.0,68.3,5.4,6.1,32.9,13.7
33455,83.7,43.7,9.9,39.6,17.8,69.4,39.2,3.3,45.2,210.0,87.2,33.2,0.9,38.3,151.4,90.5,17.4,15.4,55.6,58.2,87.4,59.4,10.6,65.0,74.7,76.4,57.1,8.5,64.2,4.0,86.0,18.8,5.9,26.4,10.2
33456,90.9,12.6,5.6,46.3,20.0,71.6,32.2,10.0,51.1,194.9,84.3,67.4,7.9,50.9,163.6,65.4,17.5,5.5,30.2,55.1,79.8,50.9,4.3,54.5,94.4,86.8,34.0,1.0,31.5,35.1,42.1,18.4,0.0,23.7,16.9
33457,72.6,72.0,0.3,45.6,17.4,58.2,9.8,2.7,43.6,196.0,92.6,115.9,0.0,70.9,163.6,77.7,28.6,4.7,15.3,53.2,94.3,42.9,13.2,52.5,103.1,87.4,35.2,18.5,27.4,34.8,65.3,3.2,0.4,36.1,18.4
33458,77.4,27.5,11.6,14.6,2.9,79.2,51.9,5.3,45.0,203.5,49.2,0.0,2.3,7.0,164.9,99.9,10.8,14.4,31.5,66.9,83.6,18.4,23.3,37.6,95.2,85.1,42.2,0.2,56.2,10.3,92.5,62.4,7.8,65.2,8.1
33459,85.9,78.5,12.0,20.8,19.7,98.6,13.8,3.5,28.4,212.5,75.4,57.3,11.5,23.9,155.9,73.6,47.9,4.1,17.8,82.4,96.0,24.0,10.8,30.5,87.4,71.0,33.4,4.0,26.6,23.6,64.6,1.4,4.0,16.4,13.5
33460,99.9,106.2,7.9,25.8,24.0,63.0,0.0,3.8,24.2,207.2,60.6,29.5,14.9,21.8,162.6,54.8,29.8,8.7,20.6,78.1,98.0,24.9,0.6,32.0,104.9,60.9,28.0,2.0,18.7,21.7,58.7,15.8,2.6,20.1,24.2
33461,60.4,35.7,2.1,35.5,0.0,81.7,25.5,0.4,43.2,197.0,81.1,13.8,12.2,26.4,163.3,56.8,12.1,4.4,28.1,67.7,80.4,30.7,2.3,24.3,114.9,86.2,42.1,3.2,27.9,28.3,52.1,10.7,0.1,16.7,20.0
33462,49.0,80.9,0.0,41.2,13.8,92.8,45.1,5.2,28.9,196.1,87.2,7.3,0.0,26.5,187.2,53.9,0.0,9.1,30.0,71.2,69.7,32.0,0.0,26.2,101.7,68.8,3.4,4.4,22.5,18.1,59.7,6.2,4.0,17.6,15.4
33463,82.4,33.6,0.0,23.5,12.1,44.5,0.5,3.2,26.8,191.2,72.7,27.0,1.9,28.8,198.4,49.8,15.2,2.3,19.2,86.0,69.8,34.6,5.3,28.6,78.5,69.3,32.7,3.0,28.6,4.1,45.4,27.8,2.5,40.9,26.1
33464,75.8,70.1,6.6,74.3,6.2,93.3,42.6,0.1,56.0,188.1,23.1,58.8,4.8,33.0,194.4,76.5,36.7,2.8,36.5,86.9,90.6,14.6,0.0,55.3,84.9,85.6,56.3,2.2,16.0,2.7,75.7,19.3,2.7,48.6,11.8
33465,75.8,70.1,6.6,74.3,6.2,93.3,42.6,0.1,56.0,188.1,23.1,58.8,4.8,33.0,194.4,76.5,36.7,2.8,36.5,86.9,90.6,14.6,0.0,55.3,84.9,85.6,56.3,2.2,16.0,2.7,75.7,19.3,2.7,48.6,11.8,75.8,70.1,6.6,74.3,6.2,93.3,42.6,0.1,56.0,188.1,23.1,58.8,4.8,33.0,194.4,76.5,36.7,2.8,36.5,86.9,90.6,14.6,0.0,55.3,84.9,85.6,56.3,2.2,16.0,2.7,75.7,19.3,2.7,48.6,11.8
33466,58.0,32.2,18.4,27.3,24.9,77.0,13.0,13.8,59.5,172.7,97.2,53.1,8.0,77.7,185.8,75.9,16.4,1.8,26.4,94.3,63.8,28.9,0.0,32.0,103.9,72.1,27.0,2.2,26.9,16.7,60.0,15.7,2.6,20.9,16.0
33467,83.5,47.4,15.6,52.6,43.0,81.1,17.8,4.7,46.4,179.5,80.6,18.7,8.2,40.5,179.2,83.7,24.3,7.6,33.5,116.3,85.4,12.8,5.8,30.3,95.3,77.8,29.6,0.0,30.0,0.0,73.8,16.0,0.9,33.5,27.6
33468,83.5,47.4,15.6,52.6,43.0,81.1,17.8,4.7,46.4,179.5,80.6,18.7,8.2,40.5,179.2,83.7,24.3,7.6,33.5,116.3,85.4,12.8,5.8,30.3,95.3,77.8,29.6,0.0,30.0,0.0,73.8,16.0,0.9,33.5,27.6,83.5,47.4,15.6,52.6,43.0,81.1,17.8,4.7,46.4,179.5,80.6,18.7,8.2,40.5,179.2,83.7,24.3,7.6,33.5,116.3,85.4,12.8,5.8,30.3,95.3,77.8,29.6,0.0,30.0,0.0,73.8,16.0,0.9,33.5,27.6
33469,85.3,53.0,0.0,24.7,35.3,82.2,38.4,11.9,52.9,195.7,90.4,13.4,14.9,33.8,197.9,72.5,35.9,0.4,28.0,109.8,77.0,16.8,9.8,22.5,115.3,58.4,0.0,1.8,21.7,4.7,73.8,16.0,0.9,33.5,27.6
33470,86.8,3.2,9.2,25.4,49.1,92.4,13.0,6.7,43.3,161.4,77.9,36.4,5.7,39.7,187.8,86.4,34.9,5.2,34.2,119.8,65.0,16.4,3.9,25.1,123.7,72.8,9.2,0.0,19.0,16.4,91.1,11.4,2.7,32.3,19.0
33471,99.7,18.4,5.7,49.6,78.0,89.0,55.6,12.3,72.3,131.1,86.3,20.2,8.4,45.7,168.2,82.4,21.6,3.1,30.8,97.0,73.5,0.0,0.0,31.3,139.4,83.9,36.4,5.1,62.7,12.4,67.5,50.7,0.8,35.2,10.7
33472,88.9,29.7,0.0,26.0,63.0,50.6,40.6,2.3,31.9,125.5,68.6,26.6,2.7,30.8,176.0,54.2,3.9,1.6,24.9,79.8,69.4,25.0,0.4,9.7,143.8,71.9,26.4,8.6,21.4,3.1,57.1,0.2,0.0,17.5,24.6
33473,92.6,43.3,5.2,44.8,83.1,88.9,22.4,5.0,45.6,106.7,87.7,45.3,6.9,39.8,170.2,81.3,29.6,3.7,51.7,54.4,89.6,59.6,5.8,49.3,144.2,72.7,21.2,1.7,36.8,12.3,81.3,4.4,4.6,21.2,31.3
33474,66.4,18.3,2.6,23.5,70.1,63.6,37.4,3.8,21.7,122.5,76.8,45.7,16.1,36.0,150.5,99.9,14.4,7.2,27.5,62.0,71.9,16.8,2.1,32.7,155.6,83.5,9.9,10.6,17.4,0.0,68.0,4.8,0.0,31.6,19.4
33475,99.9,43.2,11.2,23.5,64.9,76.6,0.0,4.4,34.7,120.8,87.6,17.4,1.3,27.6,149.6,96.4,8.6,17.1,23.8,52.2,67.9,0.0,12.4,21.7,145.3,91.5,20.7,7.2,40.3,13.1,67.3,22.8,0.0,19.7,22.2
33476,87.5,20.4,26.2,60.1,45.9,89.9,34.6,0.0,45.3,141.8,84.4,53.2,7.7,44.1,129.1,60.1,25.8,1.9,42.1,56.4,77.7,46.8,1.3,49.5,160.5,33.4,20.9,0.0,33.1,4.9,75.2,10.8,5.2,39.2,33.2
33477,94.4,43.2,9.5,36.8,42.8,98.3,50.9,2.2,31.8,136.1,96.2,37.9,5.2,33.4,135.4,73.2,4.2,11.4,27.9,58.4,84.8,41.4,3.7,37.2,163.1,77.9,3.2,13.9,21.8,5.7,58.3,21.2,0.5,19.2,25.5
33478,96.8,55.1,0.2,41.7,29.8,84.3,45.6,7.5,25.3,112.6,88.5,18.1,1.7,24.2,135.7,72.6,43.0,2.2,36.1,51.2,95.8,44.4,3.7,62.8,187.8,72.1,21.2,1.3,26.1,7.5,64.3,12.7,6.9,17.2,17.1
33479,71.2,19.9,6.4,28.6,33.0,58.5,2.4,0.0,23.0,101.9,69.8,35.2,4.1,31.9,139.0,76.0,4.3,3.1,44.7,44.6,48.6,54.2,2.3,23.1,196.1,99.2,18.7,0.0,51.1,0.0,64.9,36.0,1.6,25.4,15.2
33480,74.7,52.0,21.6,44.2,34.9,91.1,58.6,19.1,60.7,108.5,79.6,17.8,9.2,39.1,128.5,89.2,47.9,11.6,53.6,68.4,90.4,27.8,8.4,55.4,191.6,96.7,50.4,3.5,24.3,22.0,65.1,16.4,4.0,20.0,7.7
33481,84.1,77.3,0.0,41.6,2.9,66.0,25.8,0.8,25.4,89.5,99.9,34.8,17.7,47.4,159.8,99.9,6.0,7.4,39.1,59.7,83.3,26.5,1.3,32.5,204.7,97.1,56.8,0.0,30.9,24.4,66.0,28.2,1.9,32.2,6.6
33482,58.1,0.0,0.0,19.9,14.6,84.0,36.2,1.7,22.6,98.5,88.5,70.0,15.1,44.3,154.2,95.9,50.3,9.1,22.7,63.7,85.7,36.4,11.1,30.2,205.8,99.9,35.1,0.0,34.3,20.4,66.0,28.2,1.9,32.2,6.6
33483,61.5,9.4,0.0,22.6,15.5,84.9,40.9,4.8,25.1,99.8,90.0,58.8,17.7,46.8,159.9,76.8,0.0,9.7,20.4,67.7,83.5,16.9,4.1,22.3,195.1,99.9,5.0,0.0,34.7,27.6,66.0,28.2,1.9,32.2,6.6
33484,99.6,36.7,7.3,36.6,0.0,77.5,23.1,10.0,32.6,97.8,91.8,14.4,3.9,34.1,156.5,76.5,57.2,1.6,41.9,73.4,69.3,0.0,6.1,29.1,187.2,89.8,15.3,0.0,40.9,36.1,54.9,9.2,9.2,18.5,12.4
33485,67.6,15.8,2.1,20.5,2.1,75.7,6.8,11.2,28.6,103.6,89.1,22.3,4.2,29.9,154.0,79.2,46.5,11.0,44.9,67.3,71.6,42.8,2.3,34.7,173.6,91.4,2.0,1.2,44.1,47.8,73.0,25.5,1.6,24.5,12.5
33486,80.6,25.8,9.6,38.5,16.1,77.9,3.0,16.6,32.4,119.5,80.7,38.5,8.0,27.8,185.5,79.8,35.5,0.0,24.3,82.5,65.7,43.4,20.0,34.7,144.5,75.1,25.2,-0.0,33.2,30.8,76.7,23.4,3.6,17.6,10.6
33487,80.5,3.8,8.6,29.3,44.4,62.1,9.4,0.0,27.0,119.7,74.8,27.1,7.9,38.2,197.3,79.0,11.1,0.0,19.5,68.6,40.8,18.3,34.8,34.9,154.5,73.5,30.8,3.2,23.5,21.8,49.5,0.0,0.8,19.2,11.0
33488,76.7,19.4,3.7,21.4,39.3,68.3,0.0,0.6,27.5,118.9,80.0,14.5,11.9,39.5,203.2,77.1,37.7,11.7,27.0,63.1,47.9,10.5,34.6,34.2,150.0,67.1,39.3,2.9,23.7,30.7,49.5,0.0,0.8,19.2,11.0
33489,57.1,54.3,0.0,21.5,46.7,58.0,19.0,4.5,19.4,137.1,87.3,37.4,17.9,34.3,190.2,67.7,0.0,3.1,24.5,52.3,43.2,8.3,31.4,36.2,147.7,59.8,18.3,3.4,26.6,31.3,52.6,7.1,0.5,16.1,24.5
33490,69.2,42.2,4.5,17.0,46.5,66.2,43.8,1.4,15.1,134.0,67.0,49.3,1.6,27.9,212.9,66.9,22.9,7.1,19.2,34.8,69.2,37.0,7.2,23.5,140.9,60.2,6.1,3.0,18.8,18.0,54.6,7.8,3.3,16.4,33.0
33491,77.4,45.0,0.0,32.4,38.9,80.6,43.8,0.1,85.0,124.5,99.9,20.1,11.8,34.2,210.0,78.9,27.6,0.0,37.2,32.9,79.8,47.3,17.5,24.4,163.3,88.1,9.3,1.7,34.7,22.3,64.1,18.3,0.0,20.5,37.3
33492,74.8,30.4,0.0,30.2,35.1,90.2,67.0,0.0,82.2,122.9,94.1,30.8,7.9,34.3,211.2,85.6,18.1,6.0,21.4,40.8,80.3,32.0,12.6,19.6,164.1,80.8,44.3,0.2,31.9,22.9,64.1,18.3,0.0,20.5,37.3
33493,68.8,0.0,1.6,20.9,29.7,75.9,8.1,7.4,43.8,118.0,66.8,32.5,18.9,20.1,239.7,53.3,26.9,2.4,26.0,42.5,87.9,22.1,0.0,19.5,171.6,100.0,0.0,9.9,38.9,5.0,59.5,26.8,4.1,19.9,23.6
33494,99.9,46.4,14.0,36.9,39.0,81.8,13.9,0.0,47.1,88.0,92.6,24.1,2.3,36.8,253.9,86.9,28.9,2.4,14.3,19.6,95.5,72.3,4.3,18.7,165.1,70.5,17.7,0.0,25.4,0.0,69.1,22.7,2.7,17.8,21.0
33495,100.0,65.8,10.9,32.8,41.4,64.5,38.8,13.9,53.7,85.8,65.1,39.6,3.9,32.3,267.9,82.5,45.5,6.0,23.5,23.5,69.1,38.9,0.0,24.2,154.4,80.5,10.5,4.2,23.2,13.6,48.5,0.0,-0.0,16.7,17.4
33496,90.3,97.5,24.7,24.2,36.8,77.8,37.0,18.6,48.2,86.4,50.0,54.7,10.8,25.9,281.7,50.9,3.2,1.8,15.8,27.7,68.1,15.5,5.3,29.7,159.9,77.3,23.3,0.0,18.9,19.3,50.5,0.0,1.5,20.0,23.0
33497,66.6,22.6,2.3,24.6,33.0,74.2,12.7,0.6,29.2,76.8,68.8,78.7,4.2,41.6,287.5,65.2,8.4,1.7,20.6,10.5,76.9,0.0,3.6,33.7,162.7,64.6,26.7,10.3,35.4,9.4,85.7,42.3,4.4,28.6,25.4
33498,73.0,15.9,0.0,21.4,39.5,72.3,44.2,0.0,27.3,59.8,82.7,19.5,3.1,37.2,292.8,84.4,34.6,5.6,18.6,16.7,67.1,9.9,8.4,22.5,154.4,72.6,27.8,8.0,36.0,4.9,73.4,11.1,1.2,17.1,13.8
33499,64.3,9.7,8.5,23.4,29.6,70.1,56.4,0.0,29.4,58.8,86.6,60.2,4.4,38.8,284.9,81.4,0.0,9.4,21.3,8.3,62.8,24.0,0.0,24.2,148.3,81.8,36.7,16.3,36.1,18.5,56.1,0.0,0.0,19.1,8.6
33500,59.9,2.0,4.7,26.6,34.3,90.9,62.3,2.7,30.4,61.4,76.0,28.5,6.6,18.9,304.1,81.6,8.8,5.0,19.5,29.5,87.9,16.9,9.1,24.2,153.2,71.9,66.6,22.5,38.4,24.0,56.6,22.8,0.0,21.4,5.4
33501,96.2,8.7,0.0,30.9,44.6,71.7,23.3,2.6,26.1,68.4,50.6,43.6,2.4,15.6,311.3,53.1,0.0,4.8,19.3,23.8,60.3,20.5,3.2,28.5,139.1,76.0,53.4,17.8,34.7,14.5,50.4,21.2,6.0,19.8,0.0
33502,77.2,30.1,6.6,53.1,40.4,79.0,7.3,5.6,26.7,70.4,26.8,49.6,5.2,8.8,297.6,86.9,10.6,3.7,16.5,19.4,91.5,19.9,15.0,35.7,141.6,90.5,27.5,5.5,37.6,31.1,50.4,21.2,6.0,19.8,0.0
33503,76.3,13.0,4.5,26.1,42.0,84.7,0.0,4.6,26.5,76.5,15.8,61.2,6.7,7.6,297.4,82.7,8.8,7.9,17.7,17.0,84.6,24.4,13.5,34.0,137.1,94.7,24.3,3.5,37.7,28.1,50.4,21.2,6.0,19.8,0.0
33504,75.3,13.8,7.4,28.0,44.3,82.8,17.3,0.5,17.8,62.2,76.2,22.5,0.0,27.6,301.1,87.2,62.9,15.7,19.2,22.4,84.9,27.1,6.4,24.7,143.3,77.7,38.6,0.9,29.9,0.7,51.7,2.2,0.0,18.6,0.9
33505,63.1,13.2,1.9,18.2,74.2,68.9,10.6,10.8,49.9,85.5,70.7,21.7,3.4,23.8,303.9,73.1,15.0,3.3,19.7,14.5,69.0,26.0,0.0,25.6,133.2,76.3,46.7,6.2,29.6,0.0,51.7,2.2,0.0,18.6,0.9
33506,72.6,55.8,0.0,12.0,76.9,80.2,16.1,0.0,26.0,80.6,73.5,19.1,0.9,21.9,290.2,73.2,0.0,5.8,21.0,5.8,67.4,10.9,1.6,27.0,161.0,49.0,19.3,0.0,18.4,15.8,68.4,16.9,0.3,21.7,3.6
33507,90.9,15.9,8.4,24.0,86.8,77.5,16.0,0.0,20.6,79.0,95.1,55.4,0.9,43.9,300.9,67.7,24.5,6.6,21.0,2.7,65.0,19.0,0.0,28.7,184.4,69.3,21.9,6.6,30.6,19.1,54.4,50.8,0.0,39.9,8.1
33508,64.0,52.6,2.9,25.3,88.5,68.9,0.0,0.0,20.6,97.9,66.7,18.9,0.8,29.6,308.2,67.4,0.0,14.4,37.4,14.8,93.6,36.9,13.7,49.4,184.1,65.5,0.4,0.0,19.7,23.9,48.9,11.6,1.8,18.0,10.1
33509,95.8,40.5,9.4,37.8,99.2,95.3,32.5,12.1,31.4,85.0,67.0,19.0,0.0,20.3,315.4,74.0,2.1,5.7,10.9,30.3,81.3,28.6,2.4,27.3,172.9,77.3,47.4,5.3,19.6,8.6,70.4,6.2,0.0,21.1,6.1
33510,71.3,46.8,0.5,27.3,100.9,90.6,48.5,3.3,50.0,80.0,85.4,85.2,10.7,78.1,302.3,65.0,21.3,4.4,21.8,30.0,86.3,40.2,2.9,32.5,185.3,71.1,66.9,6.3,24.8,2.2,92.9,9.1,0.1,28.7,15.9
